asn,asn_name,risk_score_domains
24940,"HETZNER-AS, DE",6139
14061,"DIGITALOCEAN-ASN, US",4391
30886,"KOMITEX-AS, UA",2260
13335,"CLOUDFLARENET, US",811
16276,"OVH, FR",706
15169,"GOOGLE, US",699
22612,"NAMECHEAP-NET, US",555
133618,"TRELLIAN-AS-AP Trellian Pty. Limited, AU",548
8560,"IONOS-AS This is the joint network for IONOS, Fasthosts, Arsys, 1&1 Mail and Media and 1&1 Telecom. Formerly known as 1&1 Internet SE., DE",505
8075,"MICROSOFT-CORP-MSN-AS-BLOCK, US",422
213230,"HETZNER-CLOUD2-AS, DE",398
63949,"AKAMAI-LINODE-AP Akamai Connected Cloud, SG",383
47583,"AS-HOSTINGER, CY",362
212317,"HETZNER-CLOUD3-AS, DE",271
16509,"AMAZON-02, US",268
200107,"KL-EXT, CH",224
63023,"AS-GLOBALTELEHOST, US",190
396982,"GOOGLE-CLOUD-PLATFORM, US",178
14618,"AMAZON-AES, US",123
13238 208398,,116
7506,"INTERQ GMO Internet Group, Inc., JP",104
9318,"SKB-AS SK Broadband Co Ltd, KR",100
198610,"BEGET-AS, RU",94
48707,"AS48707-OPS-, PL",94
197540,"NETCUP-AS netcup GmbH, DE",89
3308,"TELIANET-DENMARK, SE",82
51167,"CONTABO, DE",77
34766,"LAYER23, NL",77
398101,"GO-DADDY-COM-LLC, US",76
26496,"AS-26496-GO-DADDY-COM-LLC, US",72
62371,"PROTON, CH",66
197695,"AS-REG, RU",63
31898,"ORACLE-BMC-31898, US",62
45102,"ALIBABA-CN-NET Alibaba US Technology Co., Ltd., CN",59
20473,"AS-VULTR, US",56
29182,"RU-JSCIOT, RU",55
2639,"ZOHO-AS, US",53
199524,"GCORE, LU",51
8495,"INTERNET_AG Frankfurt-Munich-Stuttgart-Amsterdam-London, DE",49
10439,"CARINET, US",47
46606,"UNIFIEDLAYER-AS-1, US",47
151847,"FASTMAILPTYLTD-AS-AP Fastmail Pty Ltd, AU",45
12025,"IMDC-AS12025, US",43
19318,"IS-AS-1, US",42
44094,"WEBHOST1-AS, RU",42
54290,"HOSTWINDS, US",41
48254,"TWENTYI, GB",37
9123,"TIMEWEB-AS, RU",35
15348,"TUCOWS, CA",35
36086,"TELX-LEGACY, US",34
135905,"VNPT-AS-VN VIETNAM POSTS AND TELECOMMUNICATIONS GROUP, VN",33
132203,"TENCENT-NET-AP-CN Tencent Building, Kejizhongyi Avenue, CN",31
36351,"SOFTLAYER, US",30
60781,"LEASEWEB-NL-AMS-01 Netherlands, NL",29
714,"APPLE-ENGINEERING, US",29
35916,"MULTA-ASN1, US",26
29873,"BIZLAND-SD, US",26
40294,"CHARTER-40294-DC, US",26
3257,"GTT-BACKBONE GTT, US",25
29169,"GANDI-AS Domain name registrar - www.gandi.net, FR",24
9304,"HUTCHISON-AS-AP HGC Global Communications Limited, HK",23
36352,"AS-COLOCROSSING, US",23
34119,"WILDCARD-AS Wildcard UK Limited, GB",22
210079,"EUROBYTE, RU",22
60068,"CDN77 _, GB",22
6724,"STRATO STRATO AG, DE",21
47764,"VK-AS, RU",21
41079,"CF-GDA, PL",21
8860,"DELTA-BG-AS, BG",21
34788,"NMM-AS D - 02742 Friedersdorf Hauptstrasse 68, DE",21
46261,"QUICKPACKET, US",20
19871,"NETWORK-SOLUTIONS-HOSTING, US",20
50599,"Autonomous System for Dataspace P.S.A., PL",19
214481,"WCZAPKOWICZ-AS as214481as-wczapkowicz Chunkserve Backbone Transit, PL",19
46475,"LIMESTONENETWORKS, US",19
27357,"RACKSPACE, US",18
40021,"CONTABO-40021, US",18
44486,"SYNLINQ synlinq.de, DE",17
7922,"COMCAST-7922, US",17
20857,"TRANSIP-AS Amsterdam, the Netherlands, NL",16
12876,"Online SAS, FR",16
44418,"BITDEFENDER-AS, RO",16
131965,"XSERVER Xserver Inc., JP",15
205111,"ZOHO-EU, NL",15
32491,"TUCOWS-3, CA",15
20068,"HAWKHOST, CA",15
29222,"INFOMANIAK-AS, CH",14
22843,"PROOFPOINT-ASN-US-EAST, US",13
36647,"YAHOO-GQ1, US",13
32475,"SINGLEHOP-LLC, US",13
202448,"MVPS www.mvps.net, CY",13
26666,"INTERSERVER-LAX, US",12
396949,"CLOUDWEBMANAGE-TX, US",12
19994,"RACKSPACE, US",11
12824,"HOMEPL-AS, PL",11
30447,"INFB2-AS, CA",11
39835,"GOETEL, DE",11
8622,"ISIONUK Team Blue Internet Services UK Ltd, GB",11
29838,"AMC, US",11
4766,"KIXS-AS-KR Korea Telecom, KR",11
31080,"O2-AS, PL",11
3842,"RAMNODE, US",11
22611,"INMOTION, US",10
24961,"MYLOC-AS IP Backbone of WIIT AG formerly myLoc managed IT AG, DE",10
33724,"BIZNESSHOSTING-DBA-VOLICO, US",10
42831,"UKSERVERS-AS UK Dedicated Servers, Hosting and Co-Location, GB",10
26101,"YAHOO-BF1, US",10
9009,"M247, RO",10
212772,"ADGUARD, CY",10
47544,"IQPL-AS, PL",10
43350,"NFORCE, NL",9
29802,"HVC-AS, US",9
55293,"A2HOSTING, US",9
36646,"YAHOO-NE1, US",9
42846,"GUZELHOSTING GNET INTERNET TELEKOMUNIKASYON A.S., TR",9
15967,"NETARTGROUP, PL",9
32244,"LIQUIDWEB, US",9
198068,"PAGM-AS, EE",9
2497,"IIJ Internet Initiative Japan Inc., JP",9
204601,"PODAON, NL",9
212477,"ROYALE-AS, NL",9
16686,"EDNS, CA",8
7393,"CYBERCON, US",8
207957,"SERVHOST-AS, GB",8
14670,"WHG-USE1, GB",8
6939,"HURRICANE, US",8
42427,"MIMECAST-UK, GB",8
965,"WEBHOSTINGHOLDINGS, US",8
22414,"CRAIGS-NET-1, US",8
53667,"PONYNET, US",8
34010,"YAHOO-IRD, GB",8
37963,"ALIBABA-CN-NET Hangzhou Alibaba Advertising Co.,Ltd., CN",7
7684,"SAKURA-A SAKURA Internet Inc., JP",7
41608,"NEXTGENWEBS-NL, ES",7
44112,"SWEB-AS, RU",7
49981,"WORLDSTREAM, NL",7
3209,"VODANET International IP-Backbone of Vodafone, DE",7
203417,"LH, PL",7
50474,"O2SWITCH, FR",7
25820,"IT7NET, CA",7
210909,"TUTA, DE",7
9371,"SAKURA-C SAKURA Internet Inc., JP",7
51468,"ONECOM, DK",7
60118,"CYBERSMARTSOLUTIONS-AS, RO",7
30031,"MIMECAST-, US",7
25577,"C4L-AS, GB",7
9002,"RETN-AS, GB",7
31034,"ARUBA-ASN, IT",6
48896,"DHOSTING-AS Warsaw, Poland, PL",6
40092,"ONIAAS, US",6
43614,"ECONOMIA-, CZ",6
58487,"CRI-AS-AP CV. Rumahweb Indonesia, ID",6
37153,"xneelo, ZA",6
39729,"REGISTER-AS, IT",6
141995,"CAPL-AS-AP Contabo Asia Private Limited, SG",6
22653,"GLOBALCOMPASS, US",6
13916,"PROOFPOINT-UT7, US",6
15557,"LDCOMNET --- I3Dnet ---, FR",6
49505,"SELECTEL, RU",6
56201,"ZOHO-IN Zoho Corporation Pvt. Ltd, IN",6
57367,"ECO-ATMAN-PL ECO-ATMAN-, PL",6
57043,"HOSTKEY-AS, NL",6
54641,"IMH-IAD, US",5
12488,"KRYSTAL, GB",5
47172,"GREENHOST, NL",5
399646,"DARTNODE, US",5
34931,"AWARESOFT, GB",5
56851,"VPS-UA-AS, UA",5
53780,"AS-APPRIVER, US",5
59253,"LEASEWEB-APAC-SIN-11 LEASEWEB SINGAPORE PTE. LTD., SG",5
25532,"MASTERHOST-AS Moscow, Russia, RU",5
3561,"CENTURYLINK-LEGACY-SAVVIS, US",5
50340,"SELECTEL-MSK, RU",5
174,"COGENT-174, US",5
31242,"TKPSA-AS, PL",5
8677,"WORLDLINE, FR",5
45090,"TENCENT-NET-AP Shenzhen Tencent Computer Systems Company Limited, CN",5
24935,"ATE-AS, FR",5
2516,"KDDI KDDI CORPORATION, JP",5
33387,"NOCIX, US",5
35278,"SPRINTHOST, RU",5
31863,"DACEN-2, US",5
27589,"MOJOHOST, US",4
2514,"INFOSPHERE NTT PC Communications, Inc., JP",4
14627,"NOIP-VITAL, US",4
199118,"HPLS-AS, DE",4
48287,"RU-CENTER, RU",4
31229,"PL-BEYOND-AS, PL",4
202053,"UPCLOUD, FI",4
206281,"AS-ZXCS, NL",4
13768,"COGECO-PEER1, CA",4
25697,"UPCLOUDUSA, US",4
15598,"IPX-AS15598, DE",4
29097,"HOSTPOINT-AS, CH",4
51557,"TR-ISIMTESCIL-20201202, TR",4
48635,"CLDIN-NL Your Hosting B.V. part of Your.Online, NL",4
45012,"CLOUDPIT, DE",4
52129,"PROOFPOINT-ASN-EU, US",4
6830,"LIBERTYGLOBAL Liberty Global formerly UPC Broadband Holding, aka AORTA, NL",4
20738,"GD-EMEA-DC-LD5, GB",4
30475,"WEHOSTWEBSITES-COM, US",4
51191,"XIRRA, DE",4
15738,"UAEXPRESS Ukraine, UA",4
4713,"OCN NTT DOCOMO BUSINESS,Inc., JP",4
20860,"IOMART-AS, GB",4
45638,"SYNERGYWHOLESALE-AP SYNERGY WHOLESALE PTY LTD, AU",4
63410,"PRIVATESYSTEMS, US",4
6364,"ATLANTIC-NET-1, US",4
52148,"ENIXLTD, GB",4
13182,"ASN-ADHOC-NETWORK Rimini, Italy, IT",4
198203,"ASN-ROUTELABEL, NL",4
56694,"SMARTAPE, RU",4
43541,"VSHOSTING, CZ",4
23352,"SERVERCENTRAL, US",4
4837,"CHINA169-BACKBONE CHINA UNICOM China169 Backbone, CN",4
33182,"DIMENOC, US",3
62082,"HOSTLAND, RU",3
212441,"CLOUDASSETS, RU",3
53589,"PLANETHOSTER-8, CA",3
58061,"SCALAXY-AS, LV",3
206170,"INLEED, SE",3
39566,"AS-SMARTHOST-, PL",3
8473,"BAHNHOF, SE",3
8636,"MAXNET Russia, RU",3
50840,"AS-HITME, PL",3
21413,"ENVIA-TEL-AS D-09114 Chemnitz, DE",3
3320,"DTAG Internet service provider operations, DE",3
7018,"ATT-INTERNET4, US",3
8739,"ICDSOFT, BG",3
39392,"SUPERNETWORK _, CZ",3
29066,"VELIANET-AS velia.net Internetdienste GmbH, DE",3
399250,"NAMEHERO-KCDC, US",3
133752,"LEASEWEB-APAC-HKG-10 LEASEWEB HONG KONG LIMITED, HK",3
52030,"SERVERPLAN-AS, IT",3
42889,"METAVIRA-AS, RU",3
394695,"PUBLIC-DOMAIN-REGISTRY, US",3
209641,"I-SERVERS-EAST, GB",3
25151,"CYSO-AS, NL",3
46824,"NAMECRANE, US",3
32934,"FACEBOOK, US",3
34762,"COMBELL-AS, BE",3
719,"ELISA-AS ELISA OYJ, FI",3
212025,"CUKMAN-AS, HR",3
35625,"EUROFIBER-FRANCE, FR",3
39570,"LOOPIA, SE",3
204800,"WHG-SGP, GB",3
20454,"SSASN2, US",3
15456,"INTERNETX-AS, DE",3
45146,"RAJASA-AS-ID-AP PT. Raja Sepadan Abadi, ID",3
51013,"WEBSUPPORT-SRO-SK-AS, SK",3
15685,"CASABLANCA-AS Internet & Collocation Provider, CZ",3
48715,"SEFROYEKPARDAZENG-AS Sefroyek Pardaz Engineering Company, IR",3
18779,"EGIHOSTING, US",3
8342,"RTCOMM-AS, RU",3
11320,"LIGHTEDGE-AS-02, US",3
24638,"RAMBLER-TELECOM-AS, RU",3
28748,"ALPHACRON-AS AlphaCron Datensysteme, DE",3
397423,"TIER-NET, US",3
29134,"IGNUM-AS Czech Republic, CZ",3
14555,"LIQUIDNETLTD1, US",3
12392,"ASVOO VOO S.A., BE",3
10297,"ENET-2, US",3
211993,"SOVERIN, NL",2
139203,"CHINANET-GUIZHOU-GUIAN-IDC Guizhou GuiAn IDC, CN",2
9370,"SAKURA-B SAKURA Internet Inc., JP",2
58466,"CT-GUANGZHOU-IDC CHINANET Guangdong province network, CN",2
5606,"GTS-BACKBONE GTS Telecom, RO",2
42730,"EVANZOAS, DE",2
400754,"GO-DADDY-COM-LLC, US",2
30083,"AS-30083-US-VELIA-NET, DE",2
212531,"INTERNETO-VIZIJA, LT",2
50472,"CHAOS-AS, DE",2
204957,"GREENFLOID-AS, US",2
60592,"GRANSY Gransy s.r.o. gransy.com, CZ",2
208258,"ACCESS2IT Access2.IT Network, NL",2
398810,"MXROUTE, US",2
56067,"METRABYTE-TH 453 Ladplacout Jorakhaebua, TH",2
59729,"ITL-BG, US",2
42807,"AEROTEK-AS, TR",2
3188,"ALASTYR, TR",2
12322,"PROXAD, FR",2
15169 19527,,2
20278,"NEXEON, US",2
49126,"AS49126, TR",2
211183,"ADMINVPS, RU",2
36007,"KAMATERA, US",2
30870,"TRANS-IX-AS Trans-iX Autonomous System, NL",2
394456,"EPIK-LLC, US",2
216180,"WHG-AUS, GB",2
30238,"AS-IRONP-VEGA, US",2
210403,"LWS, FR",2
40244,"TURNKEY-INTERNET, US",2
214640,"HOSTUP HOSTUP, SE",2
20756,"NAMESHIELD, FR",2
577,"BACOM, CA",2
210250,"WPX, BG",2
31042,"SERBIA-BROADBAND-AS Serbia BroadBand-Srpske Kablovske mreze d.o.o., RS",2
44476,"ZETTA-AS, BG",2
207333,"HOSTER-AST Hoster.KZ - Astana, KZ",2
202422,"GHOST, LU",2
197019,"WEDOS, CZ",2
36666,"GTCOMM, CA",2
8648,"ONE-NETWORK, DE",2
200313,"INTERNET-IT, VG",2
32613,"IWEB-AS, CA",2
212238,"CDNEXT, GB",2
30633,"LEASEWEB-USA-WDC, US",2
16633,"I-3, US",2
203053,"CLAUSWEB, RO",2
20853,"ETOP-AS, PL",2
136557,"HOST-AS-AP Host Universal Pty Ltd, AU",2
131775,"IDNIC-JALANET-AS-ID PT. Jupiter Jala Arta, ID",2
45899,"VNPT-AS-VN VNPT Corp, VN",2
395839,"HOSTKEY-USA, US",2
211381,"PODAON, LV",2
401696,"COGNETCLOUD, US",2
40676,"AS40676, US",2
5617,"TPNET, PL",2
3356,"LEVEL3, US",2
31103,"KEYWEB-AS, DE",2
39704,"CJ2-AS, NL",2
211522,"HYPERCORELTD, GB",2
8758,"IWAY, CH",2
26042,"FIBERSTATE, US",2
209,"CENTURYLINK-US-LEGACY-QWEST, US",2
208425,"YONCU, CY",2
12578,"APOLLO-AS Latvia, LV",2
36236,"NETACTUATE, US",2
30600,"AS-CMN, US",2
211001,"TTR-GROUP, HK",2
214996,"NETCUP, DE",2
200719,"MISSDOMAIN, SE",2
35667,"XSALTO35667, FR",2
60404,"LITESERVER, NL",2
205787,"PUBLICLOUD, BG",2
5483,"MAGYAR-TELEKOM-MAIN-AS Magyar Telekom Nyrt., HU",2
21003,"GPTC-AS, LY",2
9457,"DREAMX-AS DREAMLINE CO., KR",2
203476,"GANDI-AS-2 Domain name registrar - www.gandi.net, FR",2
4812,"CHINANET-SH-AP China Telecom Group, CN",2
18403,"FPT-AS-AP FPT Telecom Company, VN",2
40476,"SCALAHOSTING, US",2
16406,"AS-INTERMEDIA, US",2
11608,"ATG-11608, US",2
4760,"HKTIMS-AP HKT Limited, HK",2
12400,"PARTNER-AS, IL",2
34549,"MEER-AS meerfarbig GmbH & Co. KG, DE",2
17505,"SBMOBILE SoftBank Corp., JP",2
208677,"CLOUDRU-AS, RU",2
8308,"NASK-COMMERCIAL, PL",2
25538,"IN-ULM, DE",2
23576,"NHN-AS-KR NAVER Cloud Corp., KR",2
8362,"245 Boulevard de Tournai, FR",2
3214,"XTOM xTom GmbH, DE",2
197155,"ARTNET, PL",2
42775,"DSRT-NET, GB",2
207668,"ITH-, PL",2
13767,"DATABANK-DFW, US",2
34011,"GD-EMEA-DC-CGN1, DE",2
12996,"DOMENESHOP Oslo, Norway, NO",2
9808,"CHINAMOBILE-CN China Mobile Communications Group Co., Ltd., CN",2
32181,"ASN-GIGENET, US",2
29028,"COMPUKOS-AS, NL",2
17378,"AS17378, US",2
214902,"PFWEBSOLUTIONS, DK",2
50131,"SPARTANHOST, GB",2
198921,"UNIXSTORM-AS, PL",2
29522,"CF-KRK, PL",2
50613,"THORDC-AS, IS",2
29550,"SIMPLYTRANSIT, GB",2
1680,"NV-ASN CELLCOM ltd., IL",2
63473,"HOSTHATCH, US",2
21499,"GODADDY-SXB, DE",2
60713,"TARRCI-AS, PL",2
12479,"UNI2-AS, ES",2
3215,"France Telecom - Orange, FR",2
6848,"TELENET-AS, BE",2
55286,"SERVER-MANIA, CA",2
3786,"LGDACOM LG DACOM Corporation, KR",2
34360,"OGICOM, PL",2
15817,"MITTWALD-AS Mittwald CM Service GmbH und Co. KG, DE",2
26347,"DREAMHOST-AS, US",2
46844,"SHARKTECH, US",2
201814,"MEVSPACE, PL",2
34233,"SUPERIOR-AS, NL",2
14361,"HOPONE-GLOBAL, US",2
200000,"UKRAINE-AS, UA",2
46505,"NIXIHOST, US",2
59210,"PHOENIXNAP-AS-SG1 PhoenixNAP, SG",2
199695,"ANYM-NET, ID",2
12695,"DINET-AS, RU",2
50304,"BLIX, NO",2
7859,"PAIR-NETWORKS, US",2
211642,"ADMINVPS, RU",2
36884,"MAROCCONNECT, MA",2
13649,"ASN-FLEXENTIAL, US",1
5539,"SPACENET SpaceNET AG, DE",1
34989,"SERVETHEWORLD-AS, NO",1
33028,"AS33028, CA",1
8220,"COLT COLT Technology Services Group Limited, GB",1
12574,"ROUTING Franzstr. 51, 52064 Aachen, DE",1
215117,"HOSTERDADDY, IN",1
11404,"AS-WAVE-1, US",1
131921,"GMOCL GMO GlobalSign Holdings K.K., JP",1
211126,"WHG-MEX, GB",1
56740,"DATAHATA-AS, BY",1
47066,"PRGMR, US",1
12033,"ASN-AT-12033, US",1
25563,"WEBLAND-AS CH-4142 Muenchenstein, CH",1
8496,"RU-OPTIBIT, RU",1
24611,"DCLUX-AS Datacenter Luxembourg, LU",1
39337,"CORPSOFT24, RU",1
209242,"CLOUDFLARESPECTRUM Cloudflare, Inc., US",1
3352,"TELEFONICA_DE_ESPANA, ES",1
5089,"NTL, GB",1
328037,"Elitehost, ZA",1
197712,"CDMON sistemes@cdmon.com, ES",1
201446,"PROFESIONALHOSTING, ES",1
20001,"TWC-20001-PACWEST, US",1
205275,"ROMARG, RO",1
13037,"ZEN-AS Zen Internet - UK, GB",1
146943,"TIER4CLOU-AS Tier 4 Cloud Services, IN",1
24589,"TELENETSIA-AS Telenet AUT-NUM peering specification object, LV",1
60294,"DE-DGW Deutsche Glasfaser Wholesale Internet, DE",1
56577,"ASRELINK, RU",1
12616,"HOSTING-MSK, RU",1
207728,"EUROHOSTER Hosting Provider EuroHoster Ltd., BG",1
397563,"ADEOXTECH, US",1
18450,"WEBNX, US",1
4685,"ASAHI-NET Asahi Net, JP",1
40100,"ALURIUM, US",1
395412,"VS-MEDIA-IPV4, US",1
63760,"AZDIGI-AS-VN AZDIGI Corporation, VN",1
43927,"HOSTERION, RO",1
30860,"YURTEH-AS, UA",1
135450,"IDNIC-BSTI-AS-ID PT Berkah Solusi Teknologi Informasi, ID",1
59580,"BATTERFLYAIMEDIA-AS, RU",1
1299,"TWELVE99 Arelion, fka Telia Carrier, SE",1
200487,"OOOVPS-AS, RU",1
63018,"DEDICATED, US",1
212552,"BITCOMMAND, AM",1
39588,"MIMECAST-DE, GB",1
6315,"XMISSION, US",1
18501,"JOESD-18501, US",1
31549,"RASANA, IR",1
53302,"BALTIMORECOUNTYGOVERNMENT, US",1
208483,"WERIDATA-LLC, US",1
47071,"CHR-SOLUTIONS, US",1
1312,"VA-TECH-AS, US",1
26277,"SERVERPOINT, US",1
39468,"BIGMIR-INTERNET-AS, UA",1
1221,"ASN-TELSTRA Telstra Limited, AU",1
25504,"CRONON-AS Obermuensterstr. 9, DE",1
8660,"MATRIX-AS, IT",1
28753,"LEASEWEB-DE-FRA-10, DE",1
50132,"WRG-AS, GB",1
12417,"DHH-AS, HR",1
204997,"FIRSTBYTE-AS, GB",1
25875,"VARIO, US",1
48716,"PSKZ-ALA, KZ",1
40279,"FORESTRACKS, US",1
44444,"FORCEPOINT-CLOUD-AS, GB",1
7979,"SERVERS-COM, US",1
60357,"MEGAGROUP-AS, RU",1
212216,"NETAFRAZ, IR",1
56630,"MELBICOM-EU-AS Melbikomas UAB, LT",1
33695,"SCALEMATRIX, US",1
59939,"WIBO-AS, LT",1
17054,"EXPEDIENT, US",1
7552,"VIETEL-AS-AP Viettel Group, VN",1
33083,"AXCELX-NET, US",1
395111,"KVCNET-2009, US",1
7625,"DAUM-AS Kakao Corp, KR",1
14536,"ASN-SOL, US",1
135918,"DVS-AS-VN VIET DIGITAL TECHNOLOGY LIABILITY COMPANY, VN",1
63989,"DE-CORP DE-CORP, TH",1
27823,"Dattatec.com, AR",1
47447,"TTM, DE",1
58593,"BLUECLOUD Shanghai Blue Cloud Technology Co.,Ltd, CN",1
14116,"INFB-AS, CA",1
22773,"ASN-CXA-ALL-CCI-22773-RDC, US",1
48596,"INWX, DE",1
209630,"KREDIT-AS, UA",1
12637,"SEEWEB Web hosting, colocation and cloud services, IT",1
42093,"INTERRACKS-AS, NL",1
205876,"HOASTED, NL",1
64236,"UNREAL-SERVERS, US",1
4808 23724,,1
6372,"DCANET, US",1
16582,"NEXTLEVELINTERNET, US",1
44043,"CYBER_FOLKS-RO-DC_CLJ, RO",1
38099,"KAKAO-AS-KR Kakao Corp, KR",1
200962,"CITICOM , KZ",1
14144,"ADMIN-ON-DEMAND-LLC, US",1
15490,"SHANEMCC, GB",1
34240,"MANITU, DE",1
148993,"DIANAHOSTLTD-AS-AP Diana Host Ltd, BD",1
6621,"HNS-DIRECPC, US",1
14102,"GTVR, CA",1
55470,"CYFUTURE-AS-IN Cyfuture India Pvt. Ltd., IN",1
205542,"DATAHAUS, DE",1
9308 9802,,1
198813,"SYCHROVNET, CZ",1
16086,"DNA, FI",1
21430,"WIA-AS, CZ",1
44051,"FORNEX-AS, ES",1
3242,"ASN-ITNET, IT",1
20804,"ASN-TELENERGO ul. PERKUNA 47, WARSZAWA, PL",1
57910,"SCIP-AS Soluciones Corporativas IP SCIP, ES",1
48894,"OPTIMUS-AS, SI",1
15691,"LEONET-AS-, IT",1
51621,"INFOSELF, ES",1
398146,"EMYPEOPLE, US",1
210772,"NEWPUSH, HU",1
328364,"Host-Africa-AS, ZA",1
32977,"CBSITE-CHI-WEB, US",1
149089,"CLOUDFLY-VN CLOUDFLY CORPORATION, VN",1
32097,"WII, US",1
47223,"LUKMAN, PL",1
209605,"HOSTBALTIC, LT",1
132420,"E2E-NETWORKS-IN 282, Sector 19, IN",1
8069,"MICROSOFT-CORP-MSN-AS-BLOCK, US",1
211577,"WIRENETLIMITED, GB",1
135161,"GMO-Z-COM-TH GMO-Z com NetDesign Holdings Co., Ltd., JP",1
19377,"CLOUD-CARIB-LTD, BS",1
38195,"SUPERLOOP-AS-AP Superloop, AU",1
60071,"RENDSZERNET-AS, HU",1
216063,"TWENTYFOURFIRE, DE",1
135983,"TINO-AS-VN Tino Group Joint Stock Company, VN",1
57230,"ARIAWEBCO-AS, IR",1
209847,"THE, NL",1
7303,"Telecom Argentina S.A., AR",1
49581,"FERDINANDZINK, DE",1
53356,"FREE RANGE CLOUD, CA",1
262954,"VirtuaServer Informatica Ltda, BR",1
135133,"PDPL-AS-AP PI DATA CENTERS PRIVATE LIMITED, IN",1
50241,"UNITTEL-AS, RU",1
133296,"WEBWERKS-AS-IN Web Werks India Pvt. Ltd., IN",1
55803,"HOSTOPIA-AU Hostopia Australia Web Pty Ltd, AU",1
11878,"TZULO, US",1
10753,"LUMEN-LEGACY-L3-CUSTOMER-SHARED-USE, US",1
25472,"WIND-AS, GR",1
13446,"AS-NETZERO, US",1
48282,"VDSINA-AS, RU",1
47217,"PLANETEL-SPA, IT",1
10367,"FIBERCAST, US",1
45538,"ODSJSC-AS-VN ODS Joint Stock Company, VN",1
31252,"STARNET-AS, MD",1
3255,"UARNET-AS UARNet-Eksintech, UA",1
140443,"IDNIC-HERZA-AS-ID PT Herza Digital Indonesia, ID",1
1856,"DISN-PILOTNET2, US",1
23720,"RMNI-AS-AP Rakuten Mobile Network, Inc., JP",1
13213,"UK2NET-AS, GB",1
48115,"DGM-AS Sofia, Bulgaria, BG",1
13706,"COMPLETEWEBNET, US",1
211851,"WEB9-YAZILIM-BILISIM-HIZMETLERI, TR",1
24679,"SSERV-AS, DE",1
7643,"VNPT-AS-VN Vietnam Posts and Telecommunications VNPT, VN",1
55615,"DUZONBIZON-AS-KR DOUZONEBIZON, KR",1
12735,"ASTURKNET, TR",1
132056,"SCICUBE-AS RM B, 2F 88 KWAI CHEONG ROAD, HK",1
25657,"BASECAMP, US",1
4771,"SPARKNZ Spark New Zealand Trading Ltd., NZ",1
3462,"HINET Data Communication Business Group, TW",1
58003,"PLANEETTA-AS, FI",1
24085,"QTSC-AS-VN Quang Trung Software City Development Company, VN",1
58791,"GMOOSK-NET GMO Internet Group, Inc., JP",1
328442,"UNITED-SA, CD",1
394437,"PSLIGHTWAVE, US",1
24768,"ALMOUROLTEC, PT",1
134835,"SNL-HK Starry Network Limited, HK",1
60117,"HS, AE",1
61154,"INTEGRADESIGN, PL",1
12167,"LIGHTWAVE-DALLAS, US",1
29239,"I-NETPARTNER-AS, DE",1
24282,"KIR KAGOYA JAPAN Inc., JP",1
35041,"NET-BINERO-STHLM1, SE",1
36493,"295CA-TOR-ASN, CA",1
50673,"SERVERIUS-AS, NL",1
34689,"HOSTEROID, RO",1
206264,"AMARUTU-TECHNOLOGY, SC",1
4739,"INTERNODE-AS Internode Pty Ltd, AU",1
38532,"EXABYTES-AS-AP Exabytes Network Singapore Pte. Ltd., SG",1
4811,"CHINANET-SHANGHAI-MAN China Telecom Group, CN",1
393960,"HOST4GEEKS-LLC, US",1
48314,"IP-PROJECTS, DE",1
135360,"ARGONDATANETWORK-AS-AP Argon Data Network, ID",1
61493,"InterBS S.R.L. BAEHOST, AR",1
34324,"NETLINK-AS ul. Korabnicka 9, 32-050 Skawina, Poland, PL",1
7385,"ABUL-14-7385, US",1
701,"UUNET, US",1
8492,"OBIT-AS OBIT Ltd., RU",1
210579,"RACKHOST-AS, HU",1
1897,"EUNET, PT",1
210767,"LINKHOST, GB",1
214036,"ULTAHOST-AS, US",1
39122,"BLACKNIGHT-AS, IE",1
30900,"WEBWORLD-AS ta Web World Ireland, IE",1
216244,"DATATR Data TR Bilisim Teknoloji Hizmetleri, TR",1
41075,"ATW-AS, HU",1
138115,"IDNIC-DENEVA-AS-ID PT Deneva, ID",1
136170,"EXBCOID-AS-AP PT. EXABYTES NETWORK INDONESIA, ID",1
5410,"BOUYGTEL-ISP, FR",1
10242,"USINTERNET, US",1
1101,"IP-EEND-AS IP-EEND BV, NL",1
197922,"TECHCREA-SOLUTIONS, FR",1
44923,"AIRNET, RU",1
208273,"SECUNET, SC",1
23655,"TWODEGREES-NZ-AS 2degrees Networks Limited, NZ",1
150846,"AXYS-VN Room 1508, 15th Floor, Vincom Center Building, 72 Le Thanh Ton, Ben Nghe Ward, District 1, Ho Chi Minh City, Vietnam, VN",1
18447,"AFFINITY-INTER, US",1
62904,"AS62904, US",1
207279,"MARKAHOST-TELEKOMUNIKASYON-LIMITED-SIRKETI MARKAHOST, TR",1
12312,"ECOTEL, DE",1
147124,"IDNIC-HOSTINGAN-AS-ID PT Hostingan Awan Indonesia, ID",1
136907,"HWCLOUDS-AS-AP HUAWEI CLOUDS, HK",1
38482,"BIZNET2-AS-ID Biznet ISP, ID",1
56654,"AS56654, RO",1
60131,"HIGH5-, NL",1
9891,"CSLOX-IDC-AS-AP CS LOXINFO Public Company Limited., TH",1
11696,"NBS11696, US",1
50941,"VARGONEN, TR",1
199724,"TEKNODC, TR",1
4134,"CHINANET-BACKBONE No.31,Jin-rong Street, CN",1
29205,"VERCOM, PL",1
8304,"ECRITEL-FRANCE ISP and web hosting., FR",1
12874,"FASTWEB, IT",1
399275,"SOLID, US",1
25148,"BASEFARM-ASN Oslo - Norway, NO",1
149359,"IDNIC-PDM-AS-ID PT Persada Data Multimedia, ID",1
393653,"WIZ1, CA",1
216071,"VDSINA, AE",1
43037,"SEZNAM-, CZ",1
54380,"THOUGHTWAVE, US",1
20773,"GODADDY, DE",1
22768,"SYNERGYBROADBAND-MI-02, US",1
137035,"PWCS-AS-AP Parallel Web Cloud Services, IN",1
12660,"SHARIF-EDU-NET, IR",1
13354,"ZC38-AS1, US",1
209853,"VERIDYEN Veridyen Bilisim Teknolojileri Sanayi ve Ticaret Limited Sirketi, TR",1
31204,"SUNCOMMUNICATIONS-AS JV Sun Communications Autonomous System, MD",1
204213,"NETMIHAN, IR",1
16138,"INTERIA, PL",1
57497,"FARASOSAMANEHPASARGAD, IR",1
15404,"COLT Technology Services Group, GB",1
41733,"ZTELECOM-AS, RU",1
51852,"PLI-AS, PA",1
48348,"CLOUDBUILDERS, ES",1
61969,"TEAMINTERNET-AS, DE",1
34019,"HIVANE, FR",1
61173,"GWSN-AS, IR",1
34267,"DEBRYANSK-AS-1 PJSC Rostelecom. Bryansk branch, RU",1
200019,"ALEXHOST, MD",1
13285,"OPALTELECOM-AS TalkTalk Communications Limited, GB",1
36454,"WHG-DAL, GB",1
35473,"MTSNET-URAL-AS, RU",1
62048,"ACAI, IR",1
53316,"ASN-CHEETA-MAIL, US",1
16556,"TOTALCHOICE-HOSTING, US",1
19437,"SS-ASH, US",1
4792,"NATECOMMS-AS-KR NATE Communications Corporation, KR",1
15800,"COORDINATOR-AS East-Ukrainian NIC, UA",1
20676,"PLUSNET *****************, DE",1
45352,"IPSERVERONE-AS-AP IP ServerOne Solutions Sdn Bhd, MY",1
63068,"CROCWEB, CA",1
2711,"SPIRITTEL-AS, US",1
12989,"BLACKHOST AS12989.NET, CA",1
1955,"HBONE-AS KIFU, HU",1
22351,"INTELSAT-1, US",1
24971,"MASTER-AS Czech Republic www.master.cz, CZ",1
15830,"EQUINIX, NL",1
17561,"LCS-AS-AP LARUS Limited, HK",1
136792,"MIMECAST-AS-AP Mimecast Australia Pty Ltd, AU",1
29686,"PROBENETWORKS-AS, DE",1
9115,"INFB-AS9115, CA",1
37492,"ORANGE-, TN",1
2280,"OCBHONEY OCB public cloud network, FR",1
28573,"Claro NXT Telecomunicacoes Ltda, BR",1
138358,"PURPLEITLTD-AS-AP Purple IT Ltd, BD",1
24806,"INTERNET-CZ Ktis 2, 384 03 Ktis, CZ",1
28299,"CYBERWEB NETWORKS LTDA, BR",1
32748,"STEADFAST, US",1
57269,"DIGISPAINTELECOM, ES",1
40034,"CONFLUENCE-NETWORK-INC, VG",1
13246,"INETWIRE-AS Key-Systems GmbH PartnerGate, DE",1
49824,"ACTPA-AS Astra LLC, UA",1
58051,"ZUME, GB",1
53767,"ICASTCENTER, US",1
23824,"FUTURE Future Spirits Co.,Ltd., JP",1
41079 198414,,1
20115,"CHARTER-20115, US",1
13414,"TWITTER, US",1
47692,"NESSUS, AT",1
57494,"ADMAN-AS, RU",1
209341,"WHG-FRA, GB",1
3223,"VOXILITY, GB",1
11427,"TWC-11427-TEXAS, US",1
8823,"AUTONOMOUSSYSTEMROCKENSTEINAG, DE",1
19969,"JOESDATACENTER, US",1
41541,"SWHO-AS swhosting.com, ES",1
50728,"GALACTICA-AS, PL",1
12831,"TASK-AS, PL",1
269800,"NTERCONEXION HN S.A, HN",1
8001,"COLOGIX, US",1
37611,"AFRIHOST-SP, ZA",1
7055,"QIS, US",1
13886,"CLOUD-SOUTH, US",1
27715,"Locaweb Servicos de Internet SA, BR",1
58010,"UVENSYS, DE",1
8926,"MOLDTELECOM-AS Moldtelecom Autonomous System, MD",1
15802,"DU-AS1, AE",1
56958,"RAIOLANETWORKS Raiola Networks S.L., ES",1
213038,"DREAMVPS, IL",1
44136,"ASODERLAND, SE",1
46318,"TECHOPS-ASN-4, US",1
197226,"SPRINT-SDC, PL",1
4694,"IDCF IDC Frontier Inc., JP",1
35661,"VIRTUASYS-EU Lift weight. Push bytes. Never drop. Repeat., FR",1
53755,"IOFLOOD, US",1
44133,"IPAX-AS, AT",1
399522,"TP, US",1
211494,"NARAYANA, EE",1
202940,"ITCNG ITC Internet Service Provider, IL",1
61207,"ILAIT, SE",1
43865,"INTEK-M-AS, RU",1
149020,"WEBHORIZON-AS-AP WebHorizon Internet Services, SG",1
6700,"BEOTEL-AS www.beotel.net, RS",1
197706,"KEMINET A datacenter located in TiranaAlbania. Webhosting, Dedicated Servers, VPS, IPv4IPv6 leasing, AL",1
58955,"BANGMODENTERPRISE-TH Bangmod Enterprise Co., Ltd., TH",1
26548,"PUREVOLTAGE-INC, US",1
202042,"SKROUTZ-, GR",1
14956,"ROUTERHOSTING, US",1
58305,"SYN-US SYN, GB",1
27446,"AS-ERCBB, US",1
19122,"ESTRUXTURE-ON-19122, CA",1
21069,"ASN-METANET Routingpeering issues: noc@metanet.ch, CH",1
135932,"VNDATA-AS-VN Viet Storage Technology Joint Stock Company, VN",1
5432,"PROXIMUS-ISP-AS, BE",1
59943,"LEVEL27-AS, BE",1
29909,"METROOPTIC, CA",1
41000,"FREETHOUGHT-AS, GB",1
35415,"WEBZILLA, NL",1
38224,"REDIFF-AS Rediff.com India Limited, IN",1
40618,"SESAME, US",1
44592,"SKYLINK, NL",1
29014,"SCALEUP, DE",1
6730,"SUNRISE, CH",1
20655,"E-STYLEISP-AS, RU",1
19148,"LEASEWEB-USA-PHX, US",1
265262,"Skymail Servicos de Computacao e Provimento de Inf, BR",1
3303,"SWISSCOM Swisscom Switzerland Ltd, CH",1
34984,"TELLCOM-AS, TR",1
16942,"CITIZENS, US",1
51713,"WHG-LON, GB",1
395173,"AS-TCCL-18, CA",1
16371,"ACENS_AS Spain Hosting, housing and VPN services, ES",1
206216,"ADVIN-AS, US",1
46562,"PERFORMIVE, US",1
30277,"DFW-DATACENTER, US",1
3243,"MEO-RESIDENCIAL, PT",1
25393,"MIROHOST, US",1
20847,"PREVIDER-AS, NL",1
32400,"HWSERVICES-32400, US",1
131414,"LVSOFT-AS-VN Long Van Soft Solution JSC, VN",1
36473,"CONTE-25-BLA-RST, US",1
39287,"ABSTRACT, FI",1
60458,"ASN-XTUDIONET, ES",1
19133,"BIRD-HOSTING, US",1
32740,"SLIQUA, US",1
207083,"HOSTSLIM-GLOBAL-NETWORK, NL",1
207252,"REALTOX-MEDIA, DE",1
28685,"ASN-ROUTIT, NL",1
39912,"I3B-AS, AT",1
29527,"ASTUTIUM-AS Astutium Limited, GB",1
22489,"DATABANK-CASTLEACCESS, US",1
199950,"HJELM-ENTERPRISES-AB, SE",1
15626,"GF-UA, US",1
41966,"SKYNET, PL",1
208475,"NRG, RO",1
201206,"LINEVAST, DE",1
40934,"FORTINET, US",1
201682,"LIQUID-WEB-BV, US",1
3378,"MCI-ASN, US",1
60494,"UNELINK, ES",1
37907,"DIGIROCK DigiRock, Inc., JP",1
11971,"PFIZERNET-GROTON, US",1
10032,"HGC-AS-AP BDX DC Services HK Limited, HK",1
24955,"UBN-AS, RU",1
42655,"BESTHOSTING-AS, UA",1
39572,"ADVANCEDHOSTERS-AS, NL",1
38320,"MMS-AS-ID PT Maxindo Mitra Solusi, ID",1
34300,"SPACENET-AS Internet Service Provider, RU",1
10320,"ISPN, US",1
41745,"FORTIS-AS Hosting services, RU",1
15541,"CETI-AS CETI ISP, Poland, PL",1
207459,"AS-TEKNOSOS-INT, TR",1
27229,"WEBHOST-ASN1, US",1
45668,"AIMS-MY-NET AIMS Data Centre Sdn Bhd, MY",1
34619,"CIZGI, TR",1
205090,"FIRST-SERVER-EUROPE, GB",1
395092,"SHOCK-1, US",1
199246,"TOPHOST, GR",1
5048,"FIBER, US",1
38731,"VTDC-AS-VN Vietel - CHT Compamy Ltd, VN",1
210329,"CLOUDWEBMANAGE-UK-1, US",1
50245,"SERVEREL-AS, US",1
46652,"SERVERSTACK-ASN, US",1
24572,"YAHOO-JP-AS-AP Yahoo Japan, JP",1
7203,"LEASEWEB-USA-SFO, US",1
58247,"NETVEILLANCE, RO",1
4455 31216,,1
2119,"TELENOR-NEXTEL Telenor Norge AS, NO",1
199404,"WHG-IN, GB",1
137488,"ICEWARP-AS-AP IceWarp Technologies Pvt. Ltd., IN",1
29405,"VNET-AS, SK",1
